{"inputUnits":[34],"outputUnits":4,"inputs":{"0":{"dtype":"number","min":337.69908029281675,"max":382.02000005699784},"1":{"dtype":"number","min":191.1804876067759,"max":212.33978271484375},"2":{"dtype":"number","min":351.38179259541437,"max":399.5331675162111},"3":{"dtype":"number","min":181.7879999658013,"max":202.39128647147447},"4":{"dtype":"number","min":322.1992715323482,"max":372.9732979503587},"5":{"dtype":"number","min":180.99117650132234,"max":198.985370587746},"6":{"dtype":"number","min":369.0821452456226,"max":409.7805988000061},"7":{"dtype":"number","min":188.1019966333293,"max":207.19810990507966},"8":{"dtype":"number","min":309.98347122845485,"max":348.1708927377189},"9":{"dtype":"number","min":190.98026320164308,"max":208.7060612184992},"10":{"dtype":"number","min":395.0912074820077,"max":444.0163288042239},"11":{"dtype":"number","min":226.65747972777848,"max":269.63431807343596},"12":{"dtype":"number","min":293.76604844623967,"max":333.21608487734073},"13":{"dtype":"number","min":228.90361800731853,"max":275.4519760191209},"14":{"dtype":"number","min":432.76688572033834,"max":529.8823232687865},"15":{"dtype":"number","min":152.76865146503374,"max":338.3205309916099},"16":{"dtype":"number","min":200.61690037352565,"max":281.2037732907306},"17":{"dtype":"number","min":145.0198696745045,"max":333.1606402564142},"18":{"dtype":"number","min":468.52763788245534,"max":628.41002942987},"19":{"dtype":"number","min":41.64108810721669,"max":264.2351665571042},"20":{"dtype":"number","min":111.4560310571574,"max":253.5871050051678},"21":{"dtype":"number","min":43.730852594635365,"max":258.7716259195647},"22":{"dtype":"number","min":378.2309197451818,"max":439.3389111826856},"23":{"dtype":"number","min":411.8583898878283,"max":454.1649927517783},"24":{"dtype":"number","min":309.98342313655155,"max":364.18213128115883},"25":{"dtype":"number","min":416.2668547277785,"max":455.9829688164974},"26":{"dtype":"number","min":352.49374745884757,"max":445.6957883129788},"27":{"dtype":"number","min":496.66099578026206,"max":576.1074021632569},"28":{"dtype":"number","min":286.52027352774655,"max":379.5388544579888},"29":{"dtype":"number","min":488.19238447493615,"max":578.5339450465102},"30":{"dtype":"number","min":350.21618438601956,"max":438.0105707153736},"31":{"dtype":"number","min":546.2394589672757,"max":578.780481954493},"32":{"dtype":"number","min":312.3403550678654,"max":398.2016456544631},"33":{"dtype":"number","min":540.214669194203,"max":579.3702881809338}},"outputs":{"0":{"dtype":"string","min":0,"max":1,"uniqueValues":["V","W","T","U"],"legend":{"V":[1,0,0,0],"W":[0,1,0,0],"T":[0,0,1,0],"U":[0,0,0,1]}}},"isNormalized":true}